date,close,high,low,open,volume
2024-02-27 19:00:00-05:00,430.5151672363281,431.89989800106764,429.55576215835174,430.67342304327576,32938800
2024-02-28 19:00:00-05:00,434.2044677734375,435.2825572489929,430.2679334863053,433.44288993773637,42495200
2024-02-29 19:00:00-05:00,440.7422790527344,441.70168427871766,435.0353196227552,435.0946617864891,43853000
2024-03-03 19:00:00-05:00,439.16961669921875,441.16757000135414,438.9223476417633,440.7422442825303,34325700
2024-03-04 19:00:00-05:00,431.2867126464844,436.13321070998603,428.9129355407324,436.1233102879435,57917100
2024-03-05 19:00:00-05:00,433.99676513671875,437.1617909455897,432.11752634641863,435.5100505533122,46234500
2024-03-06 19:00:00-05:00,440.58404541015625,441.8401614320141,436.04415867740255,437.58714545912426,44526700
2024-03-07 19:00:00-05:00,434.2242126464844,443.73915083023303,433.5516480898913,440.9400483443204,72096000
2024-03-10 20:00:00-04:00,432.6120910644531,433.86820708089914,430.6833802337702,432.7307753892559,45860000
2024-03-11 20:00:00-04:00,438.81353759765625,439.169590530755,431.69217709358895,434.92647549028214,55300900
2024-03-12 20:00:00-04:00,435.4408264160156,437.8344042624904,434.32316540516723,437.8146034192605,37928700
2024-03-13 20:00:00-04:00,434.34295654296875,437.2013711940787,431.6229968703131,436.6771619918081,52195200
2024-03-14 20:00:00-04:00,429.1799621582031,434.0758712852826,428.01282929085465,431.30646997203826,73069800
2024-03-17 20:00:00-04:00,433.27325439453125,436.799019433192,433.0355416540417,434.5112345408061,47323800
2024-03-18 20:00:00-04:00,434.3527526855469,434.75881378474264,429.1631195603212,431.2627591956044,43004100
2024-03-19 20:00:00-04:00,439.50274658203125,439.83947355327797,433.8476617642306,435.5511236461475,43653500
2024-03-20 20:00:00-04:00,441.5825500488281,445.01918405535713,441.38449136499906,444.563615836014,39345700
2024-03-21 20:00:00-04:00,442.087646484375,443.1869582956942,440.2158060824554,441.06755210012795,28253900
2024-03-24 20:00:00-04:00,440.48321533203125,441.9687913921321,438.28456155411703,439.2848288821818,27789200
2024-03-25 20:00:00-04:00,439.0570983886719,442.9295039517245,438.8292991588011,442.0084237433776,34142000
2024-03-26 20:00:00-04:00,440.5525817871094,442.2461604974196,437.68047370800286,442.1471160345277,41359200
2024-03-27 20:00:00-04:00,439.740478515625,441.3548095248046,439.3839245031317,440.5030634346059,36839600
2024-03-31 20:00:00-04:00,440.67138671875,443.22656422032304,438.7599225684326,440.6911835186877,38729000
2024-04-01 20:00:00-04:00,436.8683166503906,437.18524681676587,433.81794691537067,435.8482222344713,44259700
2024-04-02 20:00:00-04:00,437.8488464355469,439.73057030870933,434.72914235318194,434.73902564244975,39949800
2024-04-03 20:00:00-04:00,431.15380859375,442.65218366133433,430.9260093710551,442.0381201337382,57267700
2024-04-04 20:00:00-04:00,436.23443603515625,438.90848489014775,431.76779458132734,432.5799167045909,54744600
2024-04-07 20:00:00-04:00,436.36328125,438.24500517088006,434.9767494253582,437.16549002797586,28144900
2024-04-08 20:00:00-04:00,437.97760009765625,438.97786755173837,433.23365148531974,438.70056119454836,39443600
2024-04-09 20:00:00-04:00,434.1546936035156,435.01632297538475,432.08479436356697,432.79787215823893,61502200
2024-04-10 20:00:00-04:00,441.08734130859375,442.0381015377106,433.7485918413182,436.0264933000666,45474600
2024-04-11 20:00:00-04:00,434.0556335449219,437.9874596754413,432.67901534686695,436.85843750519206,53665000
2024-04-14 20:00:00-04:00,426.9149475097656,437.898303031709,426.0731150198092,437.80917209382505,63453600
2024-04-15 20:00:00-04:00,426.9546203613281,429.5890458719669,425.56808857260404,426.75653143831346,47619000
2024-04-16 20:00:00-04:00,421.7451477050781,428.955142507988,420.814184263637,428.93534570732106,56880500
2024-04-17 20:00:00-04:00,419.3385314941406,424.12207335388047,418.76409179599244,422.3889011950564,46549400
2024-04-18 20:00:00-04:00,410.6628112792969,418.6849295159116,409.09801750840364,418.1600270876362,75231000
2024-04-21 20:00:00-04:00,414.7926940917969,417.1299861620728,409.9596146373191,413.2972043639061,47807700
2024-04-22 20:00:00-04:00,420.9825439453125,422.1809001504878,414.84215091255453,416.72387451158625,44384700
2024-04-23 20:00:00-04:00,422.40875244140625,425.5977906054682,420.1209674785059,424.0825040686884,48440300
2024-04-24 20:00:00-04:00,420.3685302734375,421.2301595778061,414.11920921453924,415.2086075113914,57392200
2024-04-25 20:00:00-04:00,426.85552978515625,428.39061298823793,422.8147761196788,423.50802682708354,41874900
2024-04-28 20:00:00-04:00,428.5887451171875,429.5890427902212,425.845391875459,428.9650959337398,30022200
2024-04-29 20:00:00-04:00,420.5072021484375,428.4005650240207,420.4279847151419,427.0041197471969,43665900
2024-04-30 20:00:00-04:00,417.4667053222656,426.0038418646144,416.6149894826864,419.0810362812296,52251700
2024-05-01 20:00:00-04:00,422.7949523925781,423.6962055209441,416.58525516971946,421.21033183967234,36559000
2024-05-02 20:00:00-04:00,431.2924499511719,432.2828339850437,428.45993589775503,430.262442093191,48515300
2024-05-05 20:00:00-04:00,436.0166015625,436.1057325049194,432.32245797578884,433.0949563675479,30227200
2024-05-06 20:00:00-04:00,436.0859069824219,437.72003460073387,435.353002241703,436.462257752822,30996100
2024-05-07 20:00:00-04:00,435.82843017578125,437.23478891429755,433.34255638141855,433.4614278631959,24896700
2024-05-08 20:00:00-04:00,436.7791748046875,437.3536144949182,434.2437939852255,436.09580737355435,24580100
2024-05-09 20:00:00-04:00,437.8091735839844,440.0375377110357,436.2641768738253,438.2845688117729,27116600
2024-05-12 20:00:00-04:00,438.81939697265625,439.81969463835946,437.4031548884309,439.7206501782885,22994200
2024-05-13 20:00:00-04:00,441.6419982910156,442.17681419663,438.2053640696036,438.39353947668786,34478300
2024-05-14 20:00:00-04:00,448.5449523925781,448.7925484173283,442.60264779857414,444.11793426108017,41464700
2024-05-15 20:00:00-04:00,447.6338195800781,450.3177520473984,447.46544098326683,448.35678063477684,34780400
2024-05-16 20:00:00-04:00,447.41595458984375,448.3667149138811,445.217300561421,447.7625648640613,35803700
2024-05-19 20:00:00-04:00,450.5356140136719,451.1991544049052,447.44562059843406,447.6337959867833,24474200
2024-05-20 20:00:00-04:00,451.41705322265625,451.60522861647325,448.48552479790663,448.68361370427937,23167700
2024-05-21 20:00:00-04:00,451.3279113769531,452.427253399749,448.72319646411813,451.674551842668,25120000
2024-05-22 20:00:00-04:00,449.2976379394531,456.15107873435795,447.505045202188,456.1213684214136,40899200
2024-05-23 20:00:00-04:00,453.54638671875,454.8140770907989,449.20849975410897,450.9119615250611,29669500
2024-05-27 20:00:00-04:00,455.2597351074219,455.31915573278667,452.29849645495904,454.76454307996664,26216800
2024-05-28 20:00:00-04:00,452.0509033203125,453.83358254085584,450.961474808148,451.10014308429754,29739200
2024-05-29 20:00:00-04:00,447.20794677734375,451.25864451125,445.88083565530343,451.11997622393034,30536800
2024-05-30 20:00:00-04:00,446.3760070800781,448.12900627200275,438.79957479670367,447.43572531572056,55941300
2024-06-02 20:00:00-04:00,448.772705078125,451.19912773458117,443.59298589680577,450.198860450723,32997500
2024-06-03 20:00:00-04:00,450.0008239746094,451.19918028695116,446.7919891245828,448.5152478071342,23767400
2024-06-04 20:00:00-04:00,459.0727233886719,459.1519408150762,450.0404255724261,453.57610393016483,33817400
2024-06-05 20:00:00-04:00,458.91424560546875,460.0730082253945,457.745599697593,459.7560780803062,21966800
2024-06-06 20:00:00-04:00,458.50823974609375,461.2615064868881,457.39901432881345,458.5478635750326,25829700
2024-06-09 20:00:00-04:00,460.3602294921875,460.7167834859618,457.0919740405648,457.3791938933102,20660800
2024-06-10 20:00:00-04:00,463.5195617675781,463.63843324942377,457.58717060137843,459.0826602839929,22053300
2024-06-11 20:00:00-04:00,469.5906066894531,471.9180153282366,466.7581227209805,467.4513734442813,34532600
2024-06-12 20:00:00-04:00,472.1359558105469,473.78991071888055,469.8580842460955,473.12634000798266,25859000
2024-06-13 20:00:00-04:00,474.5821533203125,474.65148746022913,471.4723327778962,471.9378145079992,23372600
2024-06-16 20:00:00-04:00,480.39569091796875,482.17837014074405,473.54225013126796,474.8495341233791,37054500
2024-06-17 20:00:00-04:00,480.54425048828125,481.2276179206919,478.78136803670156,480.3461918069638,24438600
2024-06-19 20:00:00-04:00,476.8402099609375,482.1585674757915,475.00799342285035,481.74262310012705,33918700
2024-06-20 20:00:00-04:00,475.5626220703125,477.89994422445284,474.0671626562886,476.5629196665965,37456800
2024-06-23 20:00:00-04:00,470.14849853515625,476.0704901816445,470.0096401291118,474.3345633370376,37751000
2024-06-24 20:00:00-04:00,475.52490234375,475.82247767960627,471.29915094162914,472.24152329210784,29014700
2024-06-25 20:00:00-04:00,476.5069885253906,477.0525837362834,474.28501169137144,474.70161721166807,22737100
2024-06-26 20:00:00-04:00,477.73699951171875,479.2150378931876,475.44557836994903,476.25899140241336,26222100
2024-06-27 20:00:00-04:00,475.25714111328125,483.2821106451487,474.61237425300055,478.5306217666664,34881600
2024-06-30 20:00:00-04:00,478.0445251464844,478.60991833266274,472.4300379129382,476.1796388241986,24898300
2024-07-01 20:00:00-04:00,483.0638427734375,483.1233578470698,476.41771034430104,476.54666976122564,26723600
2024-07-02 20:00:00-04:00,487.0911865234375,487.22014593921017,482.3099405032558,482.3099405032558,18064900
2024-07-04 20:00:00-04:00,492.1700439453125,492.60650802811756,487.63678715518455,487.93439281464197,28495900
2024-07-07 20:00:00-04:00,493.34051513671875,493.89600933800205,491.51531557933606,492.53703137157106,22109400
2024-07-08 20:00:00-04:00,493.7670593261719,495.9791371759557,492.2493643773,494.8582194823918,25614500
2024-07-09 20:00:00-04:00,498.915283203125,499.4707773682386,494.3820572776978,495.6914190828017,28046900
2024-07-10 20:00:00-04:00,487.9739990234375,499.2327308546622,486.7836673248715,499.0244281050416,49966600
2024-07-11 20:00:00-04:00,490.8407897949219,495.60217729832374,488.0831470637036,488.5493686532913,37109400
2024-07-14 20:00:00-04:00,492.1600646972656,496.98099738699784,490.1166331862592,492.61635700216624,31151400
2024-07-15 20:00:00-04:00,492.3485412597656,494.43165958456547,489.18419210348236,493.6182465755792,25950600
2024-07-16 20:00:00-04:00,477.8957214355469,484.8691868130836,477.82630736398596,484.3533794143371,56268800
2024-07-17 20:00:00-04:00,475.6340637207031,481.8040454037507,472.43995686345664,481.625500179522,49347400
2024-07-18 20:00:00-04:00,471.418212890625,477.81635549276973,470.1286793186739,475.29677314789285,42042900
2024-07-21 20:00:00-04:00,478.4413146972656,479.4630304930446,473.86837138221824,477.2906394842837,40300000
2024-07-22 20:00:00-04:00,476.75494384765625,480.5343021568422,476.27882328723075,477.5385992995722,23282500
2024-07-23 20:00:00-04:00,459.65362548828125,470.37669190670323,458.79062664163604,470.0096721923519,58818600
2024-07-24 20:00:00-04:00,454.5846862792969,464.17693566447775,451.9659322987188,459.9908707311392,59256800
2024-07-25 20:00:00-04:00,459.2469177246094,462.1831057036395,456.07263917765084,458.92948381548075,39992100
2024-07-28 20:00:00-04:00,460.1694030761719,464.1471651465655,457.90773959031816,461.9648449969865,28218500
2024-07-29 20:00:00-04:00,453.8506774902344,462.80805968299586,450.49785360966354,462.1037777697679,41317200
2024-07-30 20:00:00-04:00,467.28179931640625,468.9879687874832,462.65927004857963,464.1075206769537,44552100
2024-07-31 20:00:00-04:00,455.9635009765625,471.7257007264771,452.31310213687846,467.9662010175527,56653900
2024-08-01 20:00:00-04:00,445.1412658691406,449.92251191215183,440.89568575875717,447.2640710604141,66323200
2024-08-04 20:00:00-04:00,431.86883544921875,438.7331994932411,420.04471069161315,421.2945574349509,87483500
2024-08-05 20:00:00-04:00,435.99542236328125,443.47479628382376,431.0653884921357,433.71393042413985,63164400
2024-08-06 20:00:00-04:00,431.2736511230469,445.3892270566972,430.87687390170487,442.8994023141215,54929200
2024-08-07 20:00:00-04:00,444.4667663574219,445.37935104842387,433.6345683136623,437.5131289308338,47890100
2024-08-08 20:00:00-04:00,446.78790283203125,448.4246278308147,442.0264852411968,443.1474028666421,33574000
2024-08-11 20:00:00-04:00,447.7501220703125,450.7160675662323,444.94286325571886,447.7600513399567,27795000
2024-08-12 20:00:00-04:00,458.8600158691406,459.127863960262,452.01551026850075,452.15439894866176,40084500
2024-08-13 20:00:00-04:00,459.00885009765625,461.3696852946636,454.71365393980193,459.7825763186971,34733700
2024-08-14 20:00:00-04:00,470.6048583984375,471.0016356542181,464.6134219380081,464.9903709262572,38280600
2024-08-15 20:00:00-04:00,471.2099304199219,472.57883766047564,467.8571066619658,468.8193073837925,38383600
2024-08-18 20:00:00-04:00,477.3997802734375,477.43946708331714,469.56331542743186,471.34885860602145,23737700
2024-08-19 20:00:00-04:00,476.3978576660156,479.0562983925834,474.70158733792226,476.48713027188967,29209300
2024-08-20 20:00:00-04:00,478.6198425292969,480.4747995624965,475.46542264592534,477.1814909972868,25658800
2024-08-21 20:00:00-04:00,471.0314025878906,481.63543918665164,469.99975748455006,480.94105627106063,37739600
2024-08-22 20:00:00-04:00,476.13995361328125,478.8579094947316,471.45790952519746,475.3860556663014,36061500
2024-08-25 20:00:00-04:00,471.5174255371094,476.51690353621575,469.4343071814681,475.5943896395711,27452600
2024-08-26 20:00:00-04:00,472.9259948730469,473.9972963951467,467.9165878659102,469.88067597394826,27510000
2024-08-27 20:00:00-04:00,467.55950927734375,473.18389538693333,464.1273423400533,472.45978526636225,37372400
2024-08-28 20:00:00-04:00,466.8750915527344,474.0866174099052,465.59545688476163,469.47401742424904,41081500
2024-08-29 20:00:00-04:00,472.4399719238281,473.0649105007143,466.7263126612224,471.21988258054085,33466500
2024-09-02 20:00:00-04:00,458.0962219238281,469.5235696895021,455.71552825666635,469.39464054986547,44985200
2024-09-03 20:00:00-04:00,456.9058532714844,460.7149994098257,454.0490390759713,454.9814822083975,32505100
2024-09-04 20:00:00-04:00,457.33245849609375,461.6176953020326,454.25738174267235,455.2790975704819,34452400
2024-09-05 20:00:00-04:00,445.08172607421875,457.5109610784589,444.5857469754508,456.62810375201417,50624400
2024-09-08 20:00:00-04:00,450.8052978515625,451.7972560136181,446.2026277211483,449.41656247911686,32981200
2024-09-09 20:00:00-04:00,454.9715576171875,455.4774659929205,448.593273572777,452.5710054219236,29680300
2024-09-10 20:00:00-04:00,464.8514404296875,465.59540906942743,447.65088911155976,456.21149310304634,57843000
2024-09-11 20:00:00-04:00,469.4144592285156,470.2278722154321,463.0956903567234,464.8812030025853,40067800
2024-09-12 20:00:00-04:00,471.5174255371094,472.69785826290064,468.4522782122762,468.6804395051492,29111800
2024-09-15 20:00:00-04:00,469.434326171875,470.0493354611843,466.11129015562886,469.38474036680077,22585600
2024-09-16 20:00:00-04:00,469.68231201171875,473.75927624673307,467.18258806697463,472.4598133335985,30084400
2024-09-17 20:00:00-04:00,467.6488037109375,474.97935949819004,467.0436934318543,470.8825973200617,39909200
2024-09-18 20:00:00-04:00,479.47296142578125,482.3199072470579,476.6260458766703,478.72899268205543,52782500
2024-09-19 20:00:00-04:00,478.5603332519531,479.8002810455393,474.45361162895745,478.6099190548314,34577700
2024-09-22 20:00:00-04:00,479.828857421875,480.9215509099298,478.39842782200384,479.739459361221,24843000
2024-09-23 20:00:00-04:00,482.14337158203125,483.09698124372767,476.97795812602965,481.23941740642243,25952600
2024-09-24 20:00:00-04:00,482.59039306640625,484.5472981940412,481.33875954186374,481.5175556697399,26549900
2024-09-25 20:00:00-04:00,486.21612548828125,490.41801640583714,482.5705094037965,490.0901931881352,32020200
2024-09-26 20:00:00-04:00,483.51422119140625,487.3783761028853,482.3321295557156,487.2392922329425,22851100
2024-09-29 20:00:00-04:00,484.825439453125,485.1631755800261,479.70968143362984,482.55065431475936,30281100
2024-09-30 20:00:00-04:00,478.07061767578125,484.7558891089586,474.22634938914285,484.45789556530616,42735400
2024-10-01 20:00:00-04:00,478.74609375,480.6632561757568,474.5442031287082,477.166637111899,23744000
2024-10-02 20:00:00-04:00,478.38848876953125,481.3288028328077,475.80576695198806,476.55078111196957,25337200
2024-10-03 20:00:00-04:00,484.0804138183594,484.63668863947703,479.1831946220503,484.2095544580303,30686600
2024-10-06 20:00:00-04:00,478.89508056640625,483.3353659172032,477.6732465009889,482.16321764841706,24975100
2024-10-07 20:00:00-04:00,486.0472106933594,486.7326261243506,480.633459488425,481.43807233094464,28272000
2024-10-08 20:00:00-04:00,489.8716125488281,490.447773778929,484.7061994960775,485.74920714012944,24995000
2024-10-09 20:00:00-04:00,489.3153381347656,491.18284505079606,486.275682942402,487.58691507255554,25750400
2024-10-10 20:00:00-04:00,490.0802307128906,491.10341258908966,486.9114650593824,487.47765277868115,20644500
2024-10-13 20:00:00-04:00,494.1927185058594,495.5138635907322,491.96761928304056,492.47420829002317,26060100
2024-10-14 20:00:00-04:00,487.5869445800781,495.1860830208678,485.43135691832794,494.5205236931824,34784500
2024-10-15 20:00:00-04:00,487.6465148925781,488.4213283685863,484.32872229968694,487.91470906379936,22996800
2024-10-16 20:00:00-04:00,487.9842529296875,493.18940859356604,487.92465422473487,493.1397531110063,27210700
2024-10-17 20:00:00-04:00,491.1828308105469,492.2755242206624,490.02059547553733,490.7755527979265,25335000
2024-10-20 20:00:00-04:00,492.1265563964844,492.93116924698734,488.0438631229109,489.97096880094847,30336500
2024-10-21 20:00:00-04:00,492.6629333496094,494.1430486957189,488.6994678951957,489.4544252444945,26685800
2024-10-22 20:00:00-04:00,485.1134948730469,490.96435423225506,481.82550131944987,490.30873810325465,39346600
2024-10-23 20:00:00-04:00,489.04718017578125,489.7226524208326,486.186320885323,488.83855437960295,22024900
2024-10-24 20:00:00-04:00,492.0272216796875,496.95424013060915,491.1431236657781,491.8484255582351,38762100
2024-10-27 20:00:00-04:00,492.1066589355469,495.2059128554716,491.8086654104397,495.14631415045017,20477800
2024-10-28 20:00:00-04:00,496.8350524902344,498.01714406315233,490.5670023757053,492.4245661860894,28014100
2024-10-29 20:00:00-04:00,493.0801696777344,497.023779122654,492.5934368006454,496.0701694991744,29756000
2024-10-30 20:00:00-04:00,480.6334533691406,489.1564016466418,480.5341120892308,489.1067461640381,41245200
2024-10-31 20:00:00-04:00,484.1896667480469,487.48760340370893,481.9745106923199,482.27250423331776,33655800
2024-11-03 19:00:00-05:00,482.7791442871094,486.1267365717047,481.0308345990123,483.5837571970392,23291600
2024-11-04 19:00:00-05:00,488.9378662109375,489.60342550753097,484.2790420788911,484.36844013699425,24353600
2024-11-05 19:00:00-05:00,502.218994140625,503.04349344647574,496.27876735997705,497.2323769880433,43082200
2024-11-06 19:00:00-05:00,510.1260986328125,510.9108857223567,504.9606850609376,505.02028377146155,32853100
2024-11-07 19:00:00-05:00,510.72210693359375,511.49689011058246,509.0035664255928,509.62938315247885,22924500
2024-11-10 19:00:00-05:00,510.42413330078125,512.1525564693067,507.52353146911975,511.94393067574356,24167500
2024-11-11 19:00:00-05:00,509.5002746582031,511.23864109156665,506.4407630739534,510.3546036695217,25835300
2024-11-12 19:00:00-05:00,508.84466552734375,511.5564976376752,506.55996758838785,508.993692609422,24567400
2024-11-13 19:00:00-05:00,505.3083190917969,509.38103874758787,504.39442175455974,508.50691430007294,28679500
2024-11-14 19:00:00-05:00,493.2689208984375,499.9839613152921,491.2027312973252,499.5965697117736,51461100
2024-11-17 19:00:00-05:00,496.6959533691406,498.80188548578275,493.4278464758973,494.8185334852246,27080800
2024-11-18 19:00:00-05:00,500.11309814453125,500.5998613443361,493.7755061565385,494.1132725868944,24523000
2024-11-19 19:00:00-05:00,499.82501220703125,500.1329489468476,493.2589387640311,499.8150689848753,29565500
2024-11-20 19:00:00-05:00,501.6230163574219,503.58983435705557,494.2523295261495,502.8746195440877,34526700
2024-11-21 19:00:00-05:00,502.4276428222656,503.16271378627715,499.4376428502107,501.0667550906421,23826600
2024-11-24 19:00:00-05:00,503.2222900390625,508.0499975204078,500.9077927392111,506.51028341338935,26375200
2024-11-25 19:00:00-05:00,505.9241943359375,506.7486936182551,503.8580351483162,504.7023602461584,26557100
2024-11-26 19:00:00-05:00,501.94085693359375,504.8613148407309,498.5932648539435,504.79180322557323,24957400
2024-11-28 19:00:00-05:00,506.3513488769531,506.9473662694866,501.9508058356558,502.56667935921564,15334000
2024-12-01 19:00:00-05:00,511.8644104003906,512.8279935185523,507.2254728102631,507.61289470197977,25147200
2024-12-02 19:00:00-05:00,513.433837890625,513.7120055497551,509.9571059278618,510.5332670579214,18597900
2024-12-03 19:00:00-05:00,519.781494140625,520.0397754194261,516.145791050347,516.8610361785198,26086200
2024-12-04 19:00:00-05:00,518.341064453125,520.5562202670988,517.9536425774054,519.8310926249068,18169600
2024-12-05 19:00:00-05:00,522.9801025390625,523.2184973917406,518.8775526658897,519.0066933159925,23762600
2024-12-08 19:00:00-05:00,518.9073486328125,522.8509279284456,517.7550260804971,522.05625826133,20674400
2024-12-09 19:00:00-05:00,517.13916015625,521.8874130414447,515.708730482615,520.1391033704008,24350000
2024-12-10 19:00:00-05:00,526.397216796875,527.0826322868602,521.1026928624702,521.5099406153433,32168600
2024-12-11 19:00:00-05:00,522.9998779296875,525.4435459095613,522.5230883255757,524.1720261260626,23577500
2024-12-12 19:00:00-05:00,527.0031127929688,529.6255162291552,523.7945443180323,526.9335708712222,28780400
2024-12-15 19:00:00-05:00,534.5923461914062,535.5658725930556,529.4567322005172,529.5362173541923,31979900
2024-12-16 19:00:00-05:00,532.238037109375,533.9068613432073,530.5791560971358,532.7943118539857,28579100
2024-12-17 19:00:00-05:00,513.03662109375,533.3109750076851,511.58636557301924,531.5924949709128,54703200
2024-12-18 19:00:00-05:00,510.75189208984375,518.2914620886642,510.4141862887627,517.7252440498319,46441800
2024-12-19 19:00:00-05:00,515.2120971679688,521.3311815251084,505.90442092203426,507.04677004827573,60530000
2024-12-22 19:00:00-05:00,520.2315673828125,520.6096547422801,513.5255874709457,516.9283129789839,29672800
2024-12-23 19:00:00-05:00,527.2858276367188,527.3753394867748,521.5449237989343,522.1817089140545,17558200
2024-12-25 19:00:00-05:00,526.9276733398438,528.5594126577853,523.6542961736733,525.6541636548213,19090500
2024-12-26 19:00:00-05:00,519.9231567382812,523.7935423499296,515.2468608204825,523.3557601634299,33839600
2024-12-29 19:00:00-05:00,513.0082397460938,516.7393174088666,509.2473146765622,512.9087686326234,34584000
2024-12-30 19:00:00-05:00,508.6502990722656,515.0478150719294,507.6851925636333,514.2917011100618,29117000
2025-01-01 19:00:00-05:00,507.6553955078125,514.0330543562292,503.1581839494331,511.70483525262233,36389800
2025-01-02 19:00:00-05:00,515.9632568359375,517.0278648918753,509.9437973453937,510.7596061768049,29059500
2025-01-05 19:00:00-05:00,521.8931884765625,525.2561381071918,519.3959047599175,521.3758536522039,36109700
2025-01-06 19:00:00-05:00,512.5803833007812,523.335833378113,510.6900071781392,522.9378882230591,36690300
2025-01-07 19:00:00-05:00,512.6699829101562,514.3116206247583,507.99368681971373,512.4809392152073,30777800
2025-01-09 19:00:00-05:00,504.6307067871094,508.9985389290603,501.3772182340775,508.89906782286687,40532500
2025-01-12 19:00:00-05:00,503.0089416503906,503.4666119884404,497.17852578677275,498.6709567862965,31694200
2025-01-13 19:00:00-05:00,502.5313415527344,507.58572476161,499.0589618879038,506.1728767537031,33737200
2025-01-14 19:00:00-05:00,514.0927124023438,515.236872995838,508.87913311499364,510.44124844999436,34957600
2025-01-15 19:00:00-05:00,510.490966796875,516.4407717185975,510.36161793099694,516.3611584025571,28229000
2025-01-16 19:00:00-05:00,519.1072998046875,521.4255596709942,510.5208417683664,520.2116841905068,51837900
2025-01-20 19:00:00-05:00,522.1517944335938,523.3158734926727,517.4357226652137,521.8334018984197,23628000
2025-01-21 19:00:00-05:00,528.8280029296875,531.1263442087582,526.5893564607029,526.8977897673428,33593000
2025-01-22 19:00:00-05:00,529.9523315429688,530.0717211689421,525.7834717090722,526.3704605822451,23096600
2025-01-23 19:00:00-05:00,526.9574584960938,531.0964401539385,525.4849461020708,530.3303669169458,19878300
2025-01-26 19:00:00-05:00,511.61529541015625,515.3761897844846,507.5757544156117,508.4214713506537,60771700
2025-01-27 19:00:00-05:00,519.1769409179688,520.3609385993179,509.1975535777298,512.6201673808628,33194200
2025-01-28 19:00:00-05:00,518.2019653320312,519.9530942793344,514.2918029729001,519.8237453870555,26649000
2025-01-29 19:00:00-05:00,520.4107055664062,523.4453032843132,515.5951619544196,521.0674092489711,27431300
2025-01-30 19:00:00-05:00,519.6544799804688,528.8379462917052,518.5600549193936,524.2611216563674,38755200
2025-02-02 19:00:00-05:00,515.4955444335938,518.2217083708772,508.47117241208633,510.8789438178903,40580800
2025-02-03 19:00:00-05:00,521.823486328125,522.4602714517823,515.614983190396,516.0129890744747,26046800
2025-02-04 19:00:00-05:00,524.1914672851562,524.3506939252882,517.9929235736566,519.1868804659659,21134100
2025-02-05 19:00:00-05:00,526.9276733398438,527.136635565115,523.0871650426626,524.6989858456699,19434500
2025-02-06 19:00:00-05:00,520.2813110351562,529.4149811581992,519.5550140724782,527.4649102497111,29605500
2025-02-09 19:00:00-05:00,526.579345703125,527.68372994529,524.0919609808617,524.5595601596075,20852800
2025-02-10 19:00:00-05:00,525.3257446289062,527.2459985319832,523.1766707420592,523.306019618235,19325500
2025-02-11 19:00:00-05:00,525.6341552734375,526.5196788561027,519.3162220342847,519.6644316230244,25009400
2025-02-12 19:00:00-05:00,533.19580078125,533.5141325782865,526.5196384823547,527.3056301742746,28714800
2025-02-13 19:00:00-05:00,535.4345703125,536.1210910668774,532.9670428633523,533.3053539754828,17862600
2025-02-17 19:00:00-05:00,536.6483154296875,537.2751412860282,533.3351017214825,537.0064842826905,20565000
2025-02-18 19:00:00-05:00,536.797607421875,538.0810762342214,533.7530505774469,535.8523889660353,19666900
2025-02-19 19:00:00-05:00,534.5191040039062,536.3796630770588,529.7732148425396,536.0115349648631,26550800
2025-02-20 19:00:00-05:00,523.4253540039062,535.6831930883143,523.0572259266131,535.6632745780284,47093800
2025-02-23 19:00:00-05:00,517.2467041015625,526.400292568826,516.908453766449,525.2162949415896,39268400
2025-02-24 19:00:00-05:00,510.72979736328125,516.6995213959628,506.86937096397327,516.6199080719186,48940000
2025-02-25 19:00:00-05:00,511.9635314941406,517.0377726397771,508.7896257822196,512.928668459214,34457600
2025-02-26 19:00:00-05:00,497.7456359863281,516.4507897553704,497.5267448876785,515.5155305487389,52448000
2025-02-27 19:00:00-05:00,505.6057434082031,506.21265072070776,494.4224407770984,497.60630544462947,47654000
2025-03-02 19:00:00-05:00,494.5418701171875,510.4511747502602,491.08937854664106,508.93885561166286,44587200
2025-03-03 19:00:00-05:00,493.0494384765625,501.19811409825184,485.2788502299198,491.68635636601033,67875400
2025-03-04 19:00:00-05:00,499.47686767578125,501.08868829896096,488.7811121667995,493.6961873600139,46323700
2025-03-05 19:00:00-05:00,485.736572265625,496.06416964846954,483.7466641946697,491.1988602040493,57574300
2025-03-06 19:00:00-05:00,489.3084411621094,490.7909129209113,478.1052492912749,484.7017992368597,54714700
2025-03-09 20:00:00-04:00,470.3446044921875,481.527877477655,466.29513451841564,481.0105123404904,76668000
2025-03-10 20:00:00-04:00,469.22027587890625,476.3938851576426,464.65344101869744,469.96649132070996,68760800
2025-03-11 20:00:00-04:00,474.5134582519531,478.6325518771569,469.4093395543602,476.74214541675576,46971100
2025-03-12 20:00:00-04:00,465.97674560546875,473.876682674001,464.07637985083835,473.84683526899994,46563300
2025-03-13 20:00:00-04:00,477.2396545410156,478.135107096926,470.7326466711819,471.3395844196507,43563000
2025-03-16 20:00:00-04:00,480.33392333984375,483.3884393542646,475.3890008308422,477.1898651106022,41744400
2025-03-17 20:00:00-04:00,472.1454772949219,477.1898709733085,470.0262204273719,476.9908983924578,39072300
2025-03-18 20:00:00-04:00,478.4634704589844,482.88103853215034,472.47382761048715,474.40404090778907,40430300
2025-03-19 20:00:00-04:00,476.8416748046875,482.10495972485467,473.77719941007575,474.4736793716476,36780500
2025-03-20 20:00:00-04:00,478.4136962890625,479.17979996791263,470.5237180500232,471.687797271606,42234900
2025-03-23 20:00:00-04:00,488.91217041015625,489.75914861467663,482.6744601047364,486.0025586791713,34567200
2025-03-24 20:00:00-04:00,491.7021789550781,491.86161264912084,488.67302999487,489.63957585890734,26035200
2025-03-25 20:00:00-04:00,482.654541015625,491.4032635851384,481.10010049777014,490.546311274139,34627100
2025-03-26 20:00:00-04:00,479.9043273925781,484.84664994408064,478.5392125885613,480.69152170184447,33469800
2025-03-27 20:00:00-04:00,467.26953125,478.80826727024373,466.3826870366339,478.10080496658304,46363800
2025-03-30 20:00:00-04:00,467.24957275390625,468.1861962018987,455.70083322189515,460.2745089570581,53000300
2025-03-31 20:00:00-04:00,471.01611328125,471.94279304476703,462.76561033586444,465.6353253704141,41156200
2025-04-01 20:00:00-04:00,474.453857421875,477.8517140049883,464.20050383661044,464.459587398197,49894500
2025-04-02 20:00:00-04:00,449.0545959472656,458.4310779026491,448.5364593153614,454.8140043600852,70456300
2025-04-03 20:00:00-04:00,421.16436767578125,438.8012980453069,421.16436767578125,436.57926126906654,117088400
2025-04-06 20:00:00-04:00,422.1806945800781,441.5614201479207,400.95658358107875,407.20423705779143,161557000
2025-04-07 20:00:00-04:00,414.577880859375,441.56143170449565,408.33022721914836,436.59916084576554,101248100
2025-04-08 20:00:00-04:00,464.3399963378906,466.16346405948764,413.9501314972579,414.08964737996763,142876900
2025-04-09 20:00:00-04:00,444.590576171875,453.96705879904806,431.0888571820337,451.9442914367033,108384100
2025-04-10 20:00:00-04:00,452.78131103515625,454.1663741146707,439.75786224336997,443.06604289719394,52483800
2025-04-13 20:00:00-04:00,455.850341796875,463.3933522712816,451.01761274443425,462.8054576620582,43941200
2025-04-14 20:00:00-04:00,456.3585205078125,460.7328968756089,454.52507867632215,456.9065795217768,35404200
2025-04-15 20:00:00-04:00,442.59771728515625,451.00765441884926,436.2006038899139,447.43044650671294,48980600
2025-04-16 20:00:00-04:00,442.51800537109375,446.1549970317344,439.78774529190997,445.57707652380003,44837000
2025-04-20 20:00:00-04:00,431.5671081542969,437.51584230875216,426.40556828000206,436.6688946094812,44149300
2025-04-21 20:00:00-04:00,442.89666748046875,445.9856002161295,436.06108861931057,437.2568260974721,52304400
2025-04-22 20:00:00-04:00,452.94073486328125,461.729322993314,451.2667267648559,456.53789090300927,55801100
2025-04-23 20:00:00-04:00,465.6851806640625,465.99407392862616,454.20619851663224,454.8539073702654,45956100
2025-04-24 20:00:00-04:00,470.8766174316406,471.4047282191122,463.7321758428064,465.30653409695293,38697100
2025-04-27 20:00:00-04:00,470.7271423339844,473.1185867567387,464.36986487736374,471.34492884890216,33550800
2025-04-28 20:00:00-04:00,473.8360290527344,474.722873222181,467.91718654726753,468.4951374553907,30613100
2025-04-29 20:00:00-04:00,473.7762451171875,475.5000933242452,460.7826887017505,465.4659581608863,46810600
2025-04-30 20:00:00-04:00,479.964111328125,485.4445187613678,479.0274574431888,481.68795952250036,43316500
2025-05-01 20:00:00-04:00,487.0886535644531,489.1612611202772,483.10290255126364,484.8068330037864,39218100
2025-05-04 20:00:00-04:00,484.198974609375,487.2879376271539,482.37550695931134,482.87372581995743,28309500
2025-05-05 20:00:00-04:00,479.6950988769531,483.32211645922314,476.48656811897325,477.85168296536403,32786300
2025-05-06 20:00:00-04:00,481.5783386230469,484.06943292672264,475.08157562625235,480.3626833864985,38006300
2025-05-07 20:00:00-04:00,486.5505676269531,490.9448614840613,482.44524921410783,486.78970294145205,39577600
2025-05-08 20:00:00-04:00,486.2317199707031,489.789009962343,484.4680361370782,488.46373075344206,27767400
2025-05-11 20:00:00-04:00,506.0408935546875,506.08075957729017,499.69359025194126,505.1839413174901,45090600
2025-05-12 20:00:00-04:00,513.7533569335938,515.5469326874095,506.60888501619945,507.34623920694446,53269600
2025-05-13 20:00:00-04:00,516.832275390625,517.3803039371103,513.9127203607696,514.9291062301362,47014500
2025-05-14 20:00:00-04:00,517.4003295898438,520.0707756057274,513.334846321635,514.6800738473207,50153300
2025-05-15 20:00:00-04:00,519.6522827148438,519.8416083280616,515.2579579935311,518.8052741008747,48394600
2025-05-18 20:00:00-04:00,520.1504516601562,520.6686187239894,512.4081112969848,512.4081112969848,52536200
2025-05-19 20:00:00-04:00,518.4166870117188,519.0743091661009,514.819500517199,517.6194881585196,42517600
2025-05-20 20:00:00-04:00,511.21240234375,521.1369442471234,509.418826553865,514.4309376384672,71292800
2025-05-21 20:00:00-04:00,512.1690063476562,515.8658123150946,510.47504999969107,511.83019075096956,55607200
2025-05-22 20:00:00-04:00,507.4259338378906,510.01667798674157,503.77896814055566,504.37683685319297,58368100
2025-05-26 20:00:00-04:00,519.3632202148438,519.8515257666644,512.7568943253785,514.3113346789697,47226300
2025-05-27 20:00:00-04:00,517.0614624023438,521.8144897137478,516.543356152141,520.3198331572289,46637200
2025-05-28 20:00:00-04:00,518.077880859375,524.6045360691892,515.4771928839561,524.4551068947912,58513300
2025-05-29 20:00:00-04:00,517.2607421875,518.8251566212066,510.10632704393424,517.5895836462355,67662800
2025-06-01 20:00:00-04:00,521.3462524414062,521.5853877867925,514.1319915550752,515.3974870451045,44762800
2025-06-02 20:00:00-04:00,525.4215698242188,526.8564424978958,520.8280067740416,521.6949026792081,44070300
2025-06-03 20:00:00-04:00,526.8863525390625,527.9525481163902,524.0962784813655,526.1290501987006,41359300
2025-06-04 20:00:00-04:00,522.9205322265625,531.1511175724819,520.7981150051966,528.2913461648635,61031200
2025-06-05 20:00:00-04:00,528.0322265625,529.9055342244761,526.3283570911045,528.1119586040834,42467000
2025-06-08 20:00:00-04:00,528.8095703125,530.4536562468535,527.1255879414605,528.251567558544,33688700
2025-06-09 20:00:00-04:00,532.3070068359375,532.9945512832284,527.0059509616149,529.2777972976213,40664800
2025-06-10 20:00:00-04:00,530.5133666992188,534.8678553808483,528.221572163124,533.7119535961438,53701000
2025-06-11 20:00:00-04:00,531.7589111328125,532.735461425523,528.9490103653087,529.1981197879245,34104900
2025-06-12 20:00:00-04:00,525.0828857421875,529.9753685874628,523.8572258903529,525.8002917667119,55814400
2025-06-15 20:00:00-04:00,532.38671875,533.4628885796845,528.5604317387102,528.6102414640853,37622100
2025-06-16 20:00:00-04:00,527.1952514648438,531.4301114980193,526.0293756198878,529.8158873625565,42180900
2025-06-17 20:00:00-04:00,527.1055908203125,530.6529067451564,525.5212888702348,528.2116221164397,43983500
2025-06-19 20:00:00-04:00,524.9533081054688,531.6593145894406,523.0102423618315,530.3639576995934,61643500
2025-06-22 20:00:00-04:00,530.3511352539062,530.8698234247422,522.3706802794006,525.5229332044729,50666100
2025-06-23 20:00:00-04:00,538.4612426757812,539.3789778904177,534.9598085403529,535.5782888900031,45442000
2025-06-24 20:00:00-04:00,539.8377685546875,541.9825398600767,538.0621492513585,540.7355939583459,44804200
2025-06-25 20:00:00-04:00,544.885498046875,545.3344108269034,540.197029348474,542.0225146286602,43811400
2025-06-26 20:00:00-04:00,546.7509155273438,548.646236854107,543.2095402936434,545.9229263621712,57577100
2025-06-29 20:00:00-04:00,550.292236328125,551.4493754022211,547.6686571277671,549.9131598811205,45548700
2025-06-30 20:00:00-04:00,545.653564453125,549.3645072749528,543.3292401455354,548.386860243991,56166700
2025-07-01 20:00:00-04:00,549.4542846679688,549.6538082093174,544.7857260533864,544.8256064072416,36538300
2025-07-02 20:00:00-04:00,554.8610229492188,555.8386700313663,551.8284721476665,551.8284721476665,26443500
2025-07-06 20:00:00-04:00,550.6813354492188,552.9856893302406,548.2373089969742,552.1676854094138,45349300
2025-07-07 20:00:00-04:00,550.9906005859375,552.6565035476941,549.7535788954287,552.0280378347724,36153300
2025-07-08 20:00:00-04:00,554.8909912109375,556.2676245184426,551.7486628164066,553.1252961239118,43045500
2025-07-09 20:00:00-04:00,554.0929565429688,555.9384123345195,551.399540909487,555.5294408217566,34710900
2025-07-10 20:00:00-04:00,552.845947265625,554.432028356728,550.7011759598594,551.948121861809,39618600
2025-07-13 20:00:00-04:00,554.85107421875,555.5892564884584,550.2822471537012,552.6364665235913,36453300
2025-07-14 20:00:00-04:00,555.3598022460938,559.4298511098242,555.2999512724816,558.881207037374,43277700
2025-07-15 20:00:00-04:00,555.9284057617188,558.841315448374,550.2124247955553,555.9184813380132,52314700
2025-07-16 20:00:00-04:00,560.4273681640625,560.9361318466856,555.848616792518,556.6566353219689,40423800
2025-07-17 20:00:00-04:00,559.8887329101562,563.350225741294,558.6118309954545,561.7441739242998,50484700
2025-07-20 20:00:00-04:00,562.7916259765625,564.6770230188278,560.6867956545606,560.7167515850907,39595200
2025-07-21 20:00:00-04:00,559.8787841796875,562.9711860719661,557.2452194730795,562.9213204064853,43270600
2025-07-22 20:00:00-04:00,562.4324951171875,562.4723754700833,558.2128493506386,560.9661158513218,40215300
2025-07-23 20:00:00-04:00,563.6295776367188,564.8565530178993,561.9137482789852,563.7492795819054,42275500
2025-07-24 20:00:00-04:00,564.9862670898438,566.313034745678,562.8914220636111,563.5497827933865,30630800
2025-07-27 20:00:00-04:00,566.7518920898438,567.6496566103068,565.4849755661548,566.3528450456176,31498700
2025-07-28 20:00:00-04:00,565.8740844726562,570.7122106355441,565.1458874865731,569.3655332995753,45463300
2025-07-29 20:00:00-04:00,566.6322631835938,569.2258866472484,563.6694876691353,566.7918454902335,43433800
2025-07-30 20:00:00-04:00,563.6295776367188,573.2260691874027,562.4923482714106,573.1362622854951,64613600
2025-07-31 20:00:00-04:00,552.5267333984375,557.6541896674577,550.3320963877643,557.4646514509443,69400800
2025-08-03 20:00:00-04:00,562.7218017578125,562.9412959282934,557.5844204477802,557.6841517796104,47669800
2025-08-04 20:00:00-04:00,558.901123046875,565.1757328972536,558.3624034509684,564.0086085828399,48666600
2025-08-05 20:00:00-04:00,565.9339599609375,566.3728874107766,559.2603021929511,559.7391099978526,41823700
2025-08-06 20:00:00-04:00,567.8491821289062,571.9192306274066,563.72926797121,570.2732376717248,44463000
2025-08-07 20:00:00-04:00,573.146240234375,573.3657343884216,568.7570268998204,569.0562817589437,35255500
2025-08-10 20:00:00-04:00,571.4503784179688,575.39073988548,570.1735373972913,573.285909687358,33112900
2025-08-11 20:00:00-04:00,578.6328125,578.9320673642603,571.0912854904631,573.754745111433,42143300
2025-08-12 20:00:00-04:00,578.922119140625,581.8948188134602,577.5255153167782,581.336189461128,41209300
2025-08-13 20:00:00-04:00,578.4732666015625,580.4583950264449,576.4980626010837,576.867214657275,45425000
2025-08-14 20:00:00-04:00,575.929443359375,578.4233352453067,574.163748420605,578.383394008071,49480200
2025-08-17 20:00:00-04:00,575.699951171875,576.3583727113783,573.8345249533343,575.0316052093148,29831000
2025-08-18 20:00:00-04:00,567.88916015625,575.1513419461467,566.8616474345037,574.9817743394825,53752600
2025-08-19 20:00:00-04:00,564.5174560546875,567.061213891326,557.474707000813,566.9415119380282,76781100
2025-08-20 20:00:00-04:00,561.90380859375,565.1059268695744,559.6093793059084,562.9711407616691,46436900
2025-08-21 20:00:00-04:00,570.5725708007812,572.5876551514443,561.8938747848422,563.2904178641013,51502100
2025-08-24 20:00:00-04:00,568.9265747070312,571.8892890383006,567.7693747773127,569.0063962953644,34044700
2025-08-25 20:00:00-04:00,571.2109985351562,571.5202387152399,567.410309470112,568.4378222244122,34103000
2025-08-26 20:00:00-04:00,572.0888671875,573.0066024398417,568.9764946916996,570.1935457073605,36927100
2025-08-27 20:00:00-04:00,575.6701049804688,576.5878402039835,571.0613973569876,572.707329573353,46787900
2025-08-28 20:00:00-04:00,569.0064086914062,573.6251014295405,567.1509068169219,573.2559494077193,56030400
2025-09-01 20:00:00-04:00,564.2380981445312,564.5872186860805,558.1729354751159,559.9386305753824,65876800
2025-09-02 20:00:00-04:00,568.67724609375,570.30326864531,565.3453793937941,567.8392715420716,54230200
2025-09-03 20:00:00-04:00,573.8245849609375,574.1936761101587,567.6397814409955,569.3455646209001,47526300
2025-09-04 20:00:00-04:00,574.6525268554688,579.7001614686197,570.1336265339671,579.0716958584857,68342500
2025-09-07 20:00:00-04:00,577.4556884765625,579.4209069942706,576.3584003727692,576.9569100864685,46371400
2025-09-08 20:00:00-04:00,579.0917358398438,579.5206779783559,575.6301819149563,578.2537612972826,44007600
2025-09-09 20:00:00-04:00,579.28125,582.3437567038031,577.1364785105435,582.3138007742962,49308000
2025-09-10 20:00:00-04:00,582.6529541015625,583.4509873113628,580.1989426175462,581.814979655352,44745800
2025-09-11 20:00:00-04:00,585.2266235351562,586.423703827438,582.6728806584372,583.6105864506874,50745900
2025-09-14 20:00:00-04:00,590.234375,590.3440916306826,586.8526429792626,587.0023008473079,44360300
2025-09-15 20:00:00-04:00,589.7356567382812,591.4115449554772,589.0473400699651,591.1621557406676,36942100
2025-09-16 20:00:00-04:00,588.5585327148438,590.3042571762861,582.942282862292,589.6558208790498,69384800
2025-09-17 20:00:00-04:00,593.865478515625,596.6785957944177,591.5112592506033,593.4564461610391,61069300
2025-09-18 20:00:00-04:00,597.8856201171875,598.583922026821,594.3941714550525,595.8705968632576,58196100
2025-09-21 20:00:00-04:00,601.4251098632812,602.0942306490323,596.9508332125652,596.9708269829692,57154800
2025-09-22 20:00:00-04:00,597.4302978515625,601.7946700200599,596.2118359493293,601.5949151722127,64635500
2025-09-23 20:00:00-04:00,595.3329467773438,599.1281059107118,592.5964822123717,598.8085103543956,49850300
2025-09-24 20:00:00-04:00,592.7662963867188,594.354216296693,587.7427395490681,591.4379907146171,70920200
2025-09-25 20:00:00-04:00,595.203125,595.5327174506845,590.2994696097071,593.585214360816,54337400
2025-09-28 20:00:00-04:00,597.9595947265625,601.275330198043,596.6412858554952,598.3391106571707,48332900
2025-09-29 20:00:00-04:00,599.5974731445312,599.9370624727763,595.3329480316206,597.659966987958,46533800
2025-09-30 20:00:00-04:00,602.4737548828125,603.0130380816322,595.5726732971928,596.4015613877941,46899600
2025-10-01 20:00:00-04:00,604.9505615234375,606.378714165839,602.1541765957764,606.2788672228089,43765400
2025-10-02 20:00:00-04:00,602.4038696289062,606.5485541284623,600.6161947999731,605.7296019230981,46482100
2025-10-05 20:00:00-04:00,606.9280395507812,608.5758798079479,605.1902273252953,607.6670775886568,41962100
2025-10-06 20:00:00-04:00,603.732177734375,608.9254990082667,602.2541015785323,608.2363844032766,58209500
2025-10-07 20:00:00-04:00,610.6532592773438,610.9628579603992,604.481218431623,604.6309888518371,50629800
2025-10-08 20:00:00-04:00,609.9141845703125,610.8229867928995,606.6982962574127,610.6931491958702,45551000
2025-10-09 20:00:00-04:00,588.741455078125,612.3909772904724,588.2920219287263,610.6132994204178,97614800
2025-10-12 20:00:00-04:00,601.2353515625,602.1741444216893,596.4614731416003,598.9083327066105,65872600
2025-10-13 20:00:00-04:00,597.2305297851562,601.9144974152143,589.3706613014698,594.5439886761187,69203200
2025-10-14 20:00:00-04:00,601.445068359375,605.9193452011472,595.1631839173533,603.232804101606,62805500
2025-10-15 20:00:00-04:00,599.2179565429688,607.5272581453062,594.7337437778706,604.3313635356964,70982000
2025-10-16 20:00:00-04:00,603.1528930664062,604.7308770883808,595.6026232431807,597.1806072651552,72024900
2025-10-19 20:00:00-04:00,610.7530517578125,612.0114401498232,606.2888329883251,606.3587502275053,45761700
2025-10-20 20:00:00-04:00,610.5933227539062,611.9315643975107,608.5359758597962,610.8529979566828,44538200
2025-10-21 20:00:00-04:00,604.7108764648438,610.6232418416384,598.9682752728291,610.034035159382,61478800
2025-10-22 20:00:00-04:00,609.7943725585938,610.5833341066889,603.7421725102494,604.1316243630486,42844300
2025-10-23 20:00:00-04:00,616.305908203125,617.6242169779957,614.3384724044602,615.1973511503762,47632500
2025-10-26 20:00:00-04:00,627.2818603515625,627.7412294550786,623.2270868116484,623.7164465731967,54098600
2025-10-27 20:00:00-04:00,632.1055908203125,633.8633359425862,628.4403301580431,629.5488872669928,61195700
2025-10-28 20:00:00-04:00,634.9519653320312,636.190360053584,629.4390484873167,634.77220425535,67422800
2025-10-29 20:00:00-04:00,625.2444458007812,632.6848720357782,625.1346019679808,631.3565662863019,61628600
2025-10-30 20:00:00-04:00,628.2605590820312,633.3839629929544,625.883616641787,633.3539723359148,66305100
2025-11-02 19:00:00-05:00,631.2666625976562,635.001840248536,629.0394906897283,634.2927319253315,37154300
2025-11-03 19:00:00-05:00,618.4531860351562,626.1432903257465,617.6642245044198,622.478029730703,63830800
2025-11-04 19:00:00-05:00,622.47802734375,625.7937017112316,616.4158305661566,617.6941518361581,48688500
2025-11-05 19:00:00-05:00,610.8829345703125,621.2395864016282,609.5147022540025,620.9899080817669,72115100
2025-11-06 19:00:00-05:00,608.9553833007812,609.1651350193971,597.899620744235,607.5272307243642,81835400
2025-11-09 19:00:00-05:00,622.4280395507812,623.5066669290842,616.0962316788492,618.1235878797521,55919900
2025-11-10 19:00:00-05:00,620.7702026367188,621.9186863012081,616.7254261621581,619.7714893858831,44868800
2025-11-11 19:00:00-05:00,620.2808227539062,624.0559270220305,617.0150110236092,624.0359942081623,47444400
2025-11-12 19:00:00-05:00,607.6171875,617.324651379383,605.3001653620098,616.74538060573,71333600
2025-11-13 19:00:00-05:00,608.0765380859375,612.5607508498654,596.4015776914192,598.7785201159286,80087300
2025-11-16 19:00:00-05:00,602.8832397460938,611.6918983068232,599.098138309288,605.5198574697043,63850400
2025-11-17 19:00:00-05:00,595.542724609375,601.5350044005672,590.5791487748494,598.8484631892511,83327300
2025-11-18 19:00:00-05:00,599.09814453125,605.3800292662713,593.824969985886,596.3017594726007,73111500
2025-11-19 19:00:00-05:00,584.9163818359375,613.239936406368,583.997582698434,610.8330032979317,117743200
2025-11-20 19:00:00-05:00,589.3107299804688,596.2118116612933,579.992718365408,586.7140389774793,103344200
2025-11-23 19:00:00-05:00,604.3812866210938,605.8993502749281,594.3941540703303,594.5140557410294,60168100
2025-11-24 19:00:00-05:00,608.1065063476562,609.4747385807095,596.5513870928105,602.7334243546638,57560900
2025-11-25 19:00:00-05:00,613.4796142578125,615.3971266508202,609.6046019291258,611.7218691656304,42393600
2025-11-27 19:00:00-05:00,618.4531860351562,618.5231032781257,614.6280971828623,615.3172117702823,23034400
2025-11-30 19:00:00-05:00,616.3758544921875,618.642953131189,611.7318743402105,612.8404314452031,40957600
2025-12-01 19:00:00-05:00,621.1996459960938,622.9473941962435,616.7953473526289,618.6629362671166,54541800
2025-12-02 19:00:00-05:00,622.7177124023438,623.4167629201941,617.2347863490129,618.8227062993094,47841600
2025-12-03 19:00:00-05:00,622.138427734375,624.1358542129962,618.7427783380717,624.125857327544,47067800
2025-12-04 19:00:00-05:00,624.6751708984375,628.1107470640665,622.9074898206164,623.576610658964,53614200
2025-12-07 19:00:00-05:00,623.4767456054688,628.0308756502869,620.8900514312259,626.4029681537079,43462400
2025-12-08 19:00:00-05:00,624.2457275390625,625.0646797487918,620.2009509200387,622.2083743789747,37156000
2025-12-09 19:00:00-05:00,626.8024291992188,628.4004070267185,620.1909521392804,623.0472575003708,55031400
2025-12-10 19:00:00-05:00,624.7750854492188,624.9748403012362,616.9251525569541,623.0173402820615,58272800
2025-12-11 19:00:00-05:00,612.8304443359375,622.7376631081598,610.5733425467316,621.2795807165155,75158700
2025-12-14 19:00:00-05:00,609.75439453125,617.6242601897563,608.5359935678383,617.5743367162205,49538200
2025-12-15 19:00:00-05:00,610.9628295898438,612.7205746597449,606.1290306476157,607.4773301066649,55152800
2025-12-16 19:00:00-05:00,599.6373901367188,612.8604046495489,599.5076134954934,612.2711370165166,70654300
2025-12-17 19:00:00-05:00,608.3262329101562,612.1413249643276,606.1390483830863,609.015347513387,78875800
2025-12-18 19:00:00-05:00,616.2559814453125,616.825255296648,611.0826542701337,611.1625683957468,60369800
2025-12-21 19:00:00-05:00,619.2100219726562,621.6500244140625,617.77001953125,621.3499755859375,43703100
2025-12-22 19:00:00-05:00,622.1099853515625,622.4099731445312,617.780029296875,618.2000122070312,41120400
2025-12-23 19:00:00-05:00,623.9299926757812,624.280029296875,621.719970703125,621.989990234375,18468700
2025-12-25 19:00:00-05:00,623.8900146484375,625.52001953125,623.1400146484375,624.6599731445312,28959800
2025-12-28 19:00:00-05:00,620.8699951171875,622.780029296875,618.72998046875,620.0999755859375,32458300
2025-12-29 19:00:00-05:00,619.4299926757812,622.1799926757812,619.219970703125,619.8400268554688,31226800
2025-12-30 19:00:00-05:00,614.3099975585938,619.9600219726562,614.0499877929688,619.6500244140625,40746500
2026-01-01 19:00:00-05:00,613.1199951171875,622.8499755859375,610.1500244140625,620.0599975585938,61859200
2026-01-04 19:00:00-05:00,617.989990234375,620.8099975585938,616.719970703125,619.3200073242188,46828400
2026-01-05 19:00:00-05:00,623.4199829101562,624.02001953125,618.5399780273438,619.22998046875,43137500
2026-01-06 19:00:00-05:00,624.02001953125,627.9400024414062,622.5599975585938,623.0399780273438,44880300
2026-01-07 19:00:00-05:00,620.469970703125,623.4199829101562,617.7999877929688,623.030029296875,50435900
2026-01-08 19:00:00-05:00,626.6500244140625,627.8900146484375,619.0599975585938,621.4099731445312,49688700
2026-01-11 19:00:00-05:00,627.1699829101562,628.8499755859375,622.260009765625,622.3099975585938,37388700
2026-01-12 19:00:00-05:00,626.239990234375,629.469970703125,623.7000122070312,627.27001953125,44481400
2026-01-13 19:00:00-05:00,619.5499877929688,623.4500122070312,614.5599975585938,622.239990234375,72598700
2026-01-14 19:00:00-05:00,621.780029296875,630.0,620.75,626.5999755859375,53934900
2026-01-15 19:00:00-05:00,621.260009765625,626.0800170898438,618.8800048828125,625.5,61058100
2026-01-19 19:00:00-05:00,608.0599975585938,615.0599975585938,607.0499877929688,610.530029296875,81988900
2026-01-20 19:00:00-05:00,616.280029296875,620.4199829101562,607.8599853515625,609.469970703125,79837900
2026-01-21 19:00:00-05:00,620.760009765625,622.4600219726562,617.780029296875,622.3499755859375,42254800
2026-01-22 19:00:00-05:00,622.719970703125,625.4000244140625,618.6500244140625,619.72998046875,43645800
2026-01-25 19:00:00-05:00,625.4600219726562,627.6099853515625,622.1199951171875,623.2100219726562,35983000
2026-01-26 19:00:00-05:00,631.1300048828125,632.0399780273438,627.3400268554688,628.9099731445312,38997200
2026-01-27 19:00:00-05:00,633.219970703125,636.5999755859375,631.8099975585938,635.4600219726562,50691700
2026-01-28 19:00:00-05:00,629.4299926757812,633.6699829101562,618.27001953125,632.6500244140625,79944000
2026-01-29 19:00:00-05:00,621.8699951171875,628.260009765625,619.2999877929688,625.7100219726562,65650700
2026-02-01 19:00:00-05:00,626.1400146484375,628.489990234375,618.6599731445312,618.7000122070312,49020300
2026-02-02 19:00:00-05:00,616.52001953125,629.97998046875,610.9600219726562,628.2999877929688,81234000
2026-02-03 19:00:00-05:00,605.75,615.0999755859375,600.469970703125,615.02001953125,81850700
2026-02-04 19:00:00-05:00,597.030029296875,604.8099975585938,594.760009765625,600.2100219726562,89354500
2026-02-05 19:00:00-05:00,609.6500244140625,611.4099731445312,598.77001953125,600.1900024414062,78019300
2026-02-08 19:00:00-05:00,614.3200073242188,616.4600219726562,605.0700073242188,607.5399780273438,56797600
2026-02-09 19:00:00-05:00,611.469970703125,617.02001953125,611.010009765625,615.3099975585938,53938900
2026-02-10 19:00:00-05:00,613.1099853515625,617.52001953125,607.6900024414062,616.3800048828125,58575100
2026-02-11 19:00:00-05:00,600.6400146484375,615.8099975585938,599.5700073242188,614.7100219726562,81378900
2026-02-12 19:00:00-05:00,601.9199829101562,606.47998046875,596.4199829101562,600.4299926757812,69237500
2026-02-16 19:00:00-05:00,601.2999877929688,603.9500122070312,593.3400268554688,598.3800048828125,69013800
2026-02-17 19:00:00-05:00,605.7899780273438,609.77001953125,600.719970703125,602.1099853515625,64250700
2026-02-18 19:00:00-05:00,603.469970703125,605.8200073242188,600.75,602.8099975585938,60960800
2026-02-19 19:00:00-05:00,608.8099975585938,610.3499755859375,599.22998046875,600.1199951171875,74127300
2026-02-22 19:00:00-05:00,601.4099731445312,608.010009765625,599.0499877929688,606.6099853515625,63859100
2026-02-23 19:00:00-05:00,607.8699951171875,608.989990234375,599.72998046875,602.4000244140625,55023700
2026-02-24 19:00:00-05:00,616.6799926757812,616.8300170898438,611.0,611.0700073242188,55710700
2026-02-25 19:00:00-05:00,609.239990234375,615.5900268554688,603.97998046875,615.5900268554688,96178900
2026-02-26 19:00:00-05:00,607.2899780273438,608.3200073242188,602.1900024414062,602.97998046875,68012000
